Caudle,Adam,3
No input,No input,0
No input,No input,0
No input,No input,0
No input,No input,0
No input,No input,0
No input,No input,0
No input,No input,0
No input,No input,0
No input,No input,0
No input,No input,0
No input,No input,0
No input,No input,0
No input,No input,0
No input,No input,0
No input,No input,0
No input,No input,0
No input,No input,0
No input,No input,0
No input,No input,0
No input,No input,0
No input,No input,0
No input,No input,0
No input,No input,0
No input,No input,0
No input,No input,0
No input,No input,0
No input,No input,0
No input,No input,0
No input,No input,0
